{"cameraMode":{"drawMode":0,"name":"Shaded","section":"Shading Mode"},"sceneLighting":false,"audioPlay":false,"sceneViewState":{"showFog":true,"showMaterialUpdate":false,"showSkybox":true,"showFlares":true,"showImageEffects":true,"showParticleSystems":true},"in2DMode":false,"pivot":{"x":2.4111204147338869,"y":1.0948781967163087,"z":1.2917070388793946},"rotation":{"x":-0.0017767760436981917,"y":0.9912106394767761,"z":-0.013382155448198319,"w":-0.13160504400730134},"size":0.05844414234161377,"orthographic":false}