{"cameraMode":{"drawMode":0,"name":"Shaded","section":"Shading Mode"},"sceneLighting":false,"audioPlay":false,"sceneViewState":{"showFog":true,"showMaterialUpdate":false,"showSkybox":true,"showFlares":true,"showImageEffects":true,"showParticleSystems":true},"in2DMode":false,"pivot":{"x":0.3593482971191406,"y":0.6695817708969116,"z":-0.8477582931518555},"rotation":{"x":-0.015421387739479542,"y":0.9303330183029175,"z":-0.03938555717468262,"w":-0.3642701804637909},"size":2.1073949337005617,"orthographic":false}