{"cameraMode":{"drawMode":0,"name":"Shaded","section":"Shading Mode"},"sceneLighting":false,"audioPlay":false,"sceneViewState":{"showFog":true,"showMaterialUpdate":false,"showSkybox":true,"showFlares":true,"showImageEffects":true,"showParticleSystems":true},"in2DMode":false,"pivot":{"x":1.8487842082977296,"y":0.938701868057251,"z":0.44705867767333987},"rotation":{"x":-0.011218293569982052,"y":0.9460514783859253,"z":-0.03294501081109047,"w":-0.3221437335014343},"size":1.4027700424194337,"orthographic":false}