{"cameraMode":{"drawMode":0,"name":"Shaded","section":"Shading Mode"},"sceneLighting":true,"audioPlay":false,"sceneViewState":{"showFog":true,"showMaterialUpdate":false,"showSkybox":true,"showFlares":true,"showImageEffects":true,"showParticleSystems":true},"in2DMode":false,"pivot":{"x":19.036039352416993,"y":29.234088897705079,"z":127.60845184326172},"rotation":{"x":0.0584377758204937,"y":-0.03144093602895737,"z":0.0018413884099572898,"w":0.9977946281433106},"size":28.383020401000978,"orthographic":true}